Name,Description,Unit
CAGDP2_1,All industry total,Thousands of dollars
CAGDP2_2, Private industries,Thousands of dollars
CAGDP2_3,"  Agriculture, forestry, fishing and hunting",Thousands of dollars
CAGDP2_6,"  Mining, quarrying, and oil and gas extraction",Thousands of dollars
CAGDP2_10,  Utilities,Thousands of dollars
CAGDP2_11,  Construction,Thousands of dollars
CAGDP2_12,  Manufacturing,Thousands of dollars
CAGDP2_13,   Durable goods manufacturing,Thousands of dollars
CAGDP2_25,   Nondurable goods manufacturing,Thousands of dollars
CAGDP2_34,  Wholesale trade,Thousands of dollars
CAGDP2_35,  Retail trade,Thousands of dollars
CAGDP2_36,  Transportation and warehousing,Thousands of dollars
CAGDP2_45,  Information,Thousands of dollars
CAGDP2_50,"  Finance, insurance, real estate, rental, and leasing",Thousands of dollars
CAGDP2_51,   Finance and insurance,Thousands of dollars
CAGDP2_56,   Real estate and rental and leasing,Thousands of dollars
CAGDP2_59,  Professional and business services,Thousands of dollars
CAGDP2_60,"   Professional, scientific, and technical services",Thousands of dollars
CAGDP2_64,   Management of companies and enterprises,Thousands of dollars
CAGDP2_65,   Administrative and support and waste management and remediation services,Thousands of dollars
CAGDP2_68,"  Educational services, health care, and social assistance",Thousands of dollars
CAGDP2_69,   Educational services,Thousands of dollars
CAGDP2_70,   Health care and social assistance,Thousands of dollars
CAGDP2_75,"  Arts, entertainment, recreation, accommodation, and food services",Thousands of dollars
CAGDP2_76,"   Arts, entertainment, and recreation",Thousands of dollars
CAGDP2_79,   Accommodation and food services,Thousands of dollars
CAGDP2_82,  Other services (except government and government enterprises),Thousands of dollars
CAGDP2_83,Government and government enterprises,Thousands of dollars
CAGDP2_87,Natural resources and mining,Thousands of dollars
CAGDP2_88,Trade,Thousands of dollars
CAGDP2_89,Transportation and utilities,Thousands of dollars
CAGDP2_90,Manufacturing and information,Thousands of dollars
CAGDP2_91,Private goods-producing industries 2/,Thousands of dollars
CAGDP2_92,Private services-providing industries 3/,Thousands of dollars
CAINC1_1,Personal income (thousands of dollars),Thousands of dollars
CAINC1_2,Population (persons) 1/,Number of persons
CAINC1_3,Per capita personal income (dollars) 2/,Dollars
CAINC4_10,Personal income (thousands of dollars),Thousands of dollars
CAINC4_11, Nonfarm personal income 1/,Thousands of dollars
CAINC4_12, Farm income 2/,Thousands of dollars
CAINC4_20,Population (persons) 3/,Number of persons
CAINC4_30,Per capita personal income (dollars) 4/,Dollars
CAINC4_35,Earnings by place of work,Thousands of dollars
CAINC4_36,Less: Contributions for government social insurance 5/,Thousands of dollars
CAINC4_37, Employee and self-employed contributions for government social insurance,Thousands of dollars
CAINC4_38, Employer contributions for government social insurance,Thousands of dollars
CAINC4_42,Plus: Adjustment for residence 6/,Thousands of dollars
CAINC4_45,Equals: Net earnings by place of residence,Thousands of dollars
CAINC4_46,"Plus: Dividends, interest, and rent 7/",Thousands of dollars
CAINC4_47,Plus: Personal current transfer receipts,Thousands of dollars
CAINC4_50,Wages and salaries,Thousands of dollars
CAINC4_60,Supplements to wages and salaries,Thousands of dollars
CAINC4_61, Employer contributions for employee pension and insurance funds 8/,Thousands of dollars
CAINC4_62, Employer contributions for government social insurance,Thousands of dollars
CAINC4_70,Proprietors' income 9/,Thousands of dollars
CAINC4_71, Farm proprietors' income,Thousands of dollars
CAINC4_72, Nonfarm proprietors' income,Thousands of dollars
CAINC4_7010,Total employment,Number of jobs
CAINC4_7020, Wage and salary employment,Number of jobs
CAINC4_7040, Proprietors employment,Number of jobs
CAEMP25N_10,Total employment (number of jobs),Number of jobs
CAEMP25N_20, Wage and salary employment,Number of jobs
CAEMP25N_40, Proprietors employment,Number of jobs
CAEMP25N_50,  Farm proprietors employment,Number of jobs
CAEMP25N_60,  Nonfarm proprietors employment 2/,Number of jobs
CAEMP25N_70, Farm employment,Number of jobs
CAEMP25N_80, Nonfarm employment,Number of jobs
CAEMP25N_90,  Private nonfarm employment,Number of jobs
CAEMP25N_100,"   Forestry, fishing, and related activities",Number of jobs
CAEMP25N_200,"   Mining, quarrying, and oil and gas extraction",Number of jobs
CAEMP25N_300,   Utilities,Number of jobs
CAEMP25N_400,   Construction,Number of jobs
CAEMP25N_500,   Manufacturing,Number of jobs
CAEMP25N_600,   Wholesale trade,Number of jobs
CAEMP25N_700,   Retail trade,Number of jobs
CAEMP25N_800,   Transportation and warehousing,Number of jobs
CAEMP25N_900,   Information,Number of jobs
CAEMP25N_1000,   Finance and insurance,Number of jobs
CAEMP25N_1100,   Real estate and rental and leasing,Number of jobs
CAEMP25N_1200,"   Professional, scientific, and technical services",Number of jobs
CAEMP25N_1300,   Management of companies and enterprises,Number of jobs
CAEMP25N_1400,   Administrative and support and waste management and remediation services,Number of jobs
CAEMP25N_1500,   Educational services,Number of jobs
CAEMP25N_1600,   Health care and social assistance,Number of jobs
CAEMP25N_1700,"   Arts, entertainment, and recreation",Number of jobs
CAEMP25N_1800,   Accommodation and food services,Number of jobs
CAEMP25N_1900,   Other services (except government and government enterprises),Number of jobs
CAEMP25N_2000,  Government and government enterprises,Number of jobs
CAEMP25N_2001,   Federal civilian,Number of jobs
CAEMP25N_2002,   Military,Number of jobs
CAEMP25N_2010,   State and local,Number of jobs
CAEMP25N_2011,    State government,Number of jobs
CAEMP25N_2012,    Local government,Number of jobs
CAINC30_10,Personal income (thousands of dollars),Thousands of dollars
CAINC30_45, Net earnings by place of residence,Thousands of dollars
CAINC30_50, Personal current transfer receipts,Thousands of dollars
CAINC30_60,  Income maintenance benefits 1/,Thousands of dollars
CAINC30_70,  Unemployment insurance compensation,Thousands of dollars
CAINC30_80,  Retirement and other,Thousands of dollars
CAINC30_90," Dividends, interest, and rent 2/",Thousands of dollars
CAINC30_100, Population (persons) 3/,Number of persons
CAINC30_110, Per capita personal income 4/,Dollars
CAINC30_120, Per capita net earnings 4/,Dollars
CAINC30_130, Per capita personal current transfer receipts 4/,Dollars
CAINC30_140,  Per capita income maintenance benefits 4/,Dollars
CAINC30_150,  Per capita unemployment insurance compensation 4/,Dollars
CAINC30_160,  Per capita retirement and other 4/,Dollars
CAINC30_170," Per capita dividends, interest, and rent 4/",Dollars
CAINC30_180, Earnings by place of work,Thousands of dollars
CAINC30_190,  Wages and salaries,Thousands of dollars
CAINC30_200,  Supplements to wages and salaries,Thousands of dollars
CAINC30_201,   Employer contributions for employee pension and insurance funds 5/,Thousands of dollars
CAINC30_202,   Employer contributions for government social insurance,Thousands of dollars
CAINC30_210,  Proprietors' income,Thousands of dollars
CAINC30_220,   Farm proprietors' income,Thousands of dollars
CAINC30_230,   Nonfarm proprietors' income,Thousands of dollars
CAINC30_240,Total employment (number of jobs),Number of jobs
CAINC30_250, Wage and salary employment,Number of jobs
CAINC30_260, Proprietors employment,Number of jobs
CAINC30_270,  Farm proprietors employment 6/,Number of jobs
CAINC30_280,  Nonfarm proprietors employment,Number of jobs
CAINC30_290,Average earnings per job (dollars),Dollars
CAINC30_300, Average wages and salaries,Dollars
CAINC30_310, Average nonfarm proprietors' income,Dollars
CAINC45_10,Cash receipts from marketings (thousands of dollars),Thousands of dollars
CAINC45_20, Cash receipts: Livestock and products,Thousands of dollars
CAINC45_60, Cash receipts: Crops,Thousands of dollars
CAINC45_120,Other income,Thousands of dollars
CAINC45_130, Government payments,Thousands of dollars
CAINC45_140, Imputed and miscellaneous income received 1/,Thousands of dollars
CAINC45_150,Production expenses,Thousands of dollars
CAINC45_160, Feed purchased,Thousands of dollars
CAINC45_170, Livestock purchased,Thousands of dollars
CAINC45_180, Seed purchased,Thousands of dollars
CAINC45_190, Fertilizer and lime (incl. ag. chemicals 1978-fwd.),Thousands of dollars
CAINC45_200, Petroleum products purchased,Thousands of dollars
CAINC45_210, Hired farm labor expenses 2/,Thousands of dollars
CAINC45_220, All other production expenses 3/,Thousands of dollars
CAINC45_240,Value of inventory change,Thousands of dollars
CAINC45_250, Value of inventory change: livestock,Thousands of dollars
CAINC45_260, Value of inventory change: crops,Thousands of dollars
CAINC45_265, Value of inventory change: materials and supplies,Thousands of dollars
CAINC45_270,Cash receipts and other income,Thousands of dollars
CAINC45_280, Less: Production expenses,Thousands of dollars
CAINC45_290,Equals: Realized net income,Thousands of dollars
CAINC45_300, Plus: Value of inventory change,Thousands of dollars
CAINC45_310,Equals: Net income including corporate farms,Thousands of dollars
CAINC45_320, Less: Net income of corporate farms,Thousands of dollars
CAINC45_330, Plus: Statistical adjustment,Thousands of dollars
CAINC45_340,Equals: Farm proprietors' income,Thousands of dollars
CAINC45_350, Plus: Farm wages and salaries,Thousands of dollars
CAINC45_360, Plus: Farm supplements to wages and salaries,Thousands of dollars
CAINC45_370,Equals: Farm earnings,Thousands of dollars
Area,"Total area, both land and water, encompassed by this FIPS",Square miles
Age_00,Ages 0,Numer of persons
Age_01,Ages 1-4,Numer of persons
Age_02,Ages 5-8,Numer of persons
Age_03,Ages 10-13,Numer of persons
Age_04,Ages 15-18,Numer of persons
Age_05,Ages 20-23,Numer of persons
Age_06,Ages 25-28,Numer of persons
Age_07,Ages 30-33,Numer of persons
Age_08,Ages 35-38,Numer of persons
Age_09,Ages 40-43,Numer of persons
Age_10,Ages 45-48,Numer of persons
Age_11,Ages 50-53,Numer of persons
Age_12,Ages 55-58,Numer of persons
Age_13,Ages 60-63,Numer of persons
Age_14,Ages 65-68,Numer of persons
Age_15,Ages 70-73,Numer of persons
Age_16,Ages 75-78,Numer of persons
Age_17,Ages 80-83,Numer of persons
Age_18,Ages 85+,Numer of persons
