Notes,YEAR,FIPS,Newspaper,Corrugated Cardboard,Office,Magazine/Glossy,Paperboard,Mixed Paper,Other Paper,#1 PET Bottles,#2 HDPE Bottles,#3-#7 Bottles,Expanded Polystyrene,Film Plastic,Other Rigid Plastic,Clear Glass,Green Glass,Amber Glass,Other Glass,Steel Cans,Aluminum Cans,Other Ferrous,Other Non-Ferrous,Appliances/White Goods,Yard Waste,Wood,Food Waste,Textiles,Other Organics,Wood (C&D),Drywall,Inerts,Fines/Dirt,Carpet (inc padding),Asphalt Roofing,Other C&D,Vehicle Fluids,Lightbulbs,Pharmaceutical/Medical,Other HHW,Electronics,Batteries,Tires,Bulky Items/Furniture,Other Inorganics,Paper,Plastic,Glass,Metal,Yard Waste (Major),Food,Textiles (Major),Other Organics (Major),Wood (Major),C&D Excluding Wood,HHW,Other
Atlanta Regional Commission - Appendix A,2005,"13057, 13121, 13067, 13097, 13063, 13113, 13135, 13089, 13247, 13151",0.049,0.113,0.035,0.028,0.035,0.034,0.106,0.013,0.011,0.002,0.014,0.075,0.043,0.018,0.005,0.012,0.003,0.013,0.006,0.03,0.006,0,0.024,0.018,0.122,0.037,0.033,0.022,0.005,0.002,0.027,0.018,0,0.008,0,0,0,0.005,0.018,0,0.003,0,0.006,0.4,0.158,0.038,0.055,0.042,0.122,0.037,0.033,0.022,0.06,0.005,0.027
Central Savannah River Area - Appendix B,2005,"13317, 13181, 13265, 13301, 13189, 13073, 13245, 13141, 13303, 13163, 13033, 13165, 13125",0.069,0.085,0.019,0.03,0.054,0.032,0.07,0.016,0.011,0.003,0.02,0.084,0.042,0.022,0.008,0.016,0.005,0.018,0.009,0.014,0.008,0,0.03,0.013,0.14,0.061,0.041,0.013,0.001,0.01,0.027,0.002,0,0.005,0,0,0,0.005,0.01,0,0,0,0.007,0.359,0.176,0.051,0.049,0.043,0.14,0.061,0.041,0.013,0.045,0.005,0.017
Chattahoochee Flint - Appendix C,2005,"13045, 13149, 13285, 13077, 13199",0.05,0.096,0.03,0.03,0.042,0.028,0.124,0.018,0.013,0.001,0.015,0.078,0.035,0.021,0.004,0.016,0.002,0.023,0.012,0.032,0.008,0,0.007,0.008,0.115,0.039,0.038,0.024,0.001,0,0.045,0,0,0.017,0,0,0,0.001,0.012,0,0,0,0.015,0.4,0.16,0.043,0.075,0.015,0.115,0.039,0.038,0.024,0.063,0.001,0.027
Coastal Georgia Composition - Appendix D,2005,"13251, 13031, 13103, 13029, 13051, 13179, 13183, 13191, 13127, 13039",0.045,0.15,0.034,0.023,0.035,0.027,0.077,0.013,0.01,0.002,0.014,0.079,0.042,0.016,0.005,0.013,0.001,0.01,0.008,0.016,0.01,0,0.028,0.022,0.111,0.042,0.057,0.044,0.002,0.002,0.022,0.007,0,0.009,0,0,0,0.002,0.019,0,0,0,0.005,0.391,0.16,0.035,0.044,0.05,0.111,0.042,0.057,0.044,0.042,0.002,0.024
Coosa Valley Composition - Appendix E,2005,"13083, 13295, 13047, 13055, 13115, 13129, 13015, 13233, 13223, 13143",0.062,0.046,0.03,0.029,0.034,0.027,0.119,0.019,0.016,0.003,0.014,0.062,0.05,0.025,0.002,0.015,0.003,0.02,0.01,0.008,0.006,0,0.048,0.01,0.134,0.055,0.064,0.015,0.002,0.004,0.019,0.012,0,0.014,0,0,0,0.003,0.015,0,0,0,0.006,0.347,0.164,0.045,0.044,0.058,0.134,0.055,0.064,0.015,0.051,0.003,0.021
Georgia Mountains - Appendix F,2005,"13291, 13281, 13241, 13187, 13311, 13137, 13257, 13085, 13117, 13139, 13011, 13119, 13105",0.046,0.116,0.04,0.033,0.027,0.027,0.127,0.01,0.009,0.001,0.012,0.078,0.037,0.011,0.005,0.008,0.002,0.01,0.005,0.026,0.004,0,0.029,0.019,0.071,0.026,0.047,0.054,0.009,0.015,0.043,0.008,0,0.014,0,0,0,0.002,0.018,0,0,0,0.012,0.416,0.147,0.026,0.045,0.048,0.071,0.026,0.047,0.054,0.089,0.002,0.03
Heart of Georgia - Altamaha - Appendix G,2005,"13023, 13175, 13167, 13107, 13315, 13091, 13271, 13309, 13209, 13279, 13267, 13109, 13043, 13161, 13001, 13305",0.028,0.063,0.037,0.018,0.031,0.028,0.118,0.014,0.012,0.003,0.015,0.061,0.045,0.013,0.002,0.01,0.006,0.018,0.008,0.024,0.009,0,0.01,0.043,0.123,0.059,0.046,0.018,0,0.014,0.028,0.005,0,0.044,0,0,0,0.003,0.029,0,0.007,0,0.01,0.323,0.15,0.031,0.059,0.053,0.123,0.059,0.046,0.018,0.091,0.003,0.046
Lower Chattahoochee - Appendix H,2005,"13145, 13263, 13215, 13053, 13259, 13239, 13243, 13061",0.044,0.116,0.036,0.021,0.026,0.038,0.105,0.015,0.007,0.002,0.014,0.06,0.043,0.013,0.001,0.012,0.004,0.011,0.007,0.028,0.006,0,0.044,0.012,0.138,0.039,0.034,0.044,0.005,0.005,0.017,0.008,0,0.025,0,0,0,0.002,0.007,0,0,0,0.008,0.386,0.141,0.03,0.052,0.056,0.138,0.039,0.034,0.044,0.06,0.002,0.015
McIntosh Trail - Appendix I,2005,"13293, 13231, 13171, 13255, 13035",0.014,0.101,0.028,0.012,0.032,0.021,0.077,0.011,0.008,0.001,0.014,0.046,0.054,0.015,0.001,0.017,0.007,0.013,0.007,0.043,0.016,0,0.027,0.075,0.087,0.092,0.034,0.01,0,0,0.02,0.024,0,0.017,0,0,0,0.007,0.048,0,0.002,0,0.02,0.285,0.134,0.04,0.079,0.102,0.087,0.092,0.034,0.01,0.061,0.007,0.07
Middle Georgia - Appendix J,2005,"13207, 13079, 13153, 13153, 13235, 13169, 13021, 13289, 13319, 13009, 13237",0.053,0.138,0.024,0.021,0.025,0.011,0.083,0.01,0.008,0.001,0.014,0.078,0.054,0.006,0.002,0.007,0.002,0.009,0.006,0.021,0.018,0,0.05,0.018,0.113,0.034,0.025,0.015,0,0.009,0.033,0.022,0,0.034,0,0,0,0.005,0.046,0,0.003,0,0.004,0.355,0.165,0.017,0.054,0.068,0.113,0.034,0.025,0.015,0.098,0.005,0.053
Northeast Georgia - Appendix K,2005,"13105, 13195, 13221, 13157, 13013, 13059, 13219, 13133, 13297, 13211, 13217, 13159",0.049,0.09,0.039,0.024,0.036,0.023,0.142,0.014,0.012,0.003,0.016,0.073,0.045,0.018,0.003,0.011,0.014,0.017,0.007,0.027,0.006,0,0.014,0.009,0.13,0.039,0.046,0.02,0.001,0.004,0.028,0.001,0,0.005,0,0,0,0.004,0.017,0,0,0,0.013,0.403,0.163,0.046,0.057,0.023,0.13,0.039,0.046,0.02,0.039,0.004,0.03
South Georgia - Appendix L,2005,"13287, 13017, 13155, 13277, 13075, 13027, 13185, 13173, 13101",0.037,0.087,0.03,0.023,0.032,0.027,0.088,0.017,0.011,0.007,0.017,0.091,0.036,0.019,0.006,0.019,0.006,0.019,0.013,0.022,0.008,0,0.016,0.027,0.137,0.033,0.03,0.045,0,0.005,0.028,0.029,0,0.006,0,0,0,0.002,0.014,0,0,0,0.011,0.324,0.179,0.05,0.062,0.043,0.137,0.033,0.03,0.045,0.068,0.002,0.025
Southeast Georgia - Appendix M,2005,"13019, 13003, 13069, 13065, 13299, 13049, 13005, 13229, 13025",0.04,0.085,0.042,0.021,0.03,0.019,0.118,0.015,0.013,0.003,0.012,0.058,0.044,0.016,0.001,0.013,0.003,0.019,0.016,0.01,0.008,0,0.019,0.033,0.136,0.066,0.053,0.008,0,0.005,0.023,0.003,0,0.031,0,0,0,0.002,0.019,0,0.01,0,0.005,0.355,0.145,0.033,0.053,0.052,0.136,0.066,0.053,0.008,0.062,0.002,0.034
Marion County,2016,41047,0.049,0.0327,0.038,0.03,0.001,0.0125,0.0334,0.006,0.009,0.00632,0.0089,0.029,0.0686,0.007,0.00464,0.0027,0.005,0.01,0.0047721,0.01,0.001176609,0.008151992,0.015,0.0986,0.1547,0.0417,0.092,0.089,0.0231,0,0.087,0,0.004,0.001,0,0,0,0.001,0,0,0,0,0.02,0.1966,0.12782,0.01934,0.034100701,0.1136,0.1547,0.0417,0.092,0.089,0.1151,0.001,0.02
Boulder County Colorado,2019,8013,0.006,0.063,0.013,0.012,0.003,0.102,0.017,0.008,0.007,0.001,0.004,0.052,0.069,N/A,N/A,N/A,0.002,0.006,0.003,0.032,0.006,0,0.025,0.001,0.158,0.036,0.038,0.098,0.011,0.005,0.034,0.008,0,0.032,0,0.001,0.009,0.003,0.029,0.001,0.007,0.036,0.033,0.216,0.141,0.022,0.047,0.026,0.158,0.036,0.038,0.098,0.09,0.013,0.106
Boulder County Colorado,2010,8013,0.008,0.045,0.008,0.009,0.001,0.081,0.013,0.005,0.004,0.001,0.009,0.046,0.068,N/A,N/A,N/A,0.004,0.005,0.003,0.017,0.011,0.002,0.125,0.018,0.141,0.057,0.041,0.071,0.007,0.005,0.029,0.032,0,0.01,0,0,0,0.001,0.031,0.002,0.009,0.054,0.009,0.165,0.133,0.033,0.038,0.143,0.141,0.057,0.041,0.071,0.083,0.001,0.105
Scott County,2017,19163,0.018,N/A,0.008,0.014,N/A,0.117,0.058,0.019,0.008,0.02,0.001,0.052,0.067,0.012,0.001,0.012,0.006,N/A,0.012,0.016,0.001,0.01,0.029,N/A,0.182,0.036,0.115,0.042,0.001,0.003,0.038,0.019,0.001,0.012,0.002,0.0005,0.001,0.049,0.003,0.001,N/A,0.005,0.003,0.255,0.167,0.031,0.039,0.029,0.182,0.036,0.115,0.042,0.074,0.0525,0.008
Mesa County Colorado,2018,8077,0.012,0.094,0.011,0.034,0.034,0.044,0.022,0.031,0.01,0.0075,0.009,0.043,0.0805,N/A,N/A,N/A,0.004,0.01,0.014,0.018,0.018,N/A,0.088,0.01,0.126,0.06,0.048,N/A,N/A,N/A,N/A,N/A,N/A,N/A,0.003,N/A,N/A,0.017,0.014,0.001,N/A,N/A,0.002,0.251,0.181,0.044,0.06,0.098,0.126,0.06,0.048,N/A,0.092,N/A,N/A
Sonoma County,2021,6097,0.002,0.014,0.004,N/A,0.002,0.033,0.021,0.011,0.007,0.01,0.002,0.044,0.026,0.011,0.01,N/A,0.009,0.005,0.004,0.015,0.004,0.002,0.019,0.047,0.206,0.037,0.075,0.002,N/A,0.001,N/A,N/A,0.033,0.088,0.002,0.001,0.001,0.001,0.008,0.001,0.004,0.002,0.256,0.077,0.1,0.03,0.03,0.066,0.206,0.037,0.075,0.002,0.122,0.005,0.271
King County,2019,53033,0.003,0.039,0.005,N/A,N/A,0.104,0.021,0.011,0.006,0.001,0.029,0.042,0.037,0.008,0.002,0.003,0.009,N/A,0.006,0.023,0.026,0.003,0.03,0.093,0.156,0.042,0.106,0.025,N/A,0.005,0.017,0.011,0.001,0.03,0.001,0.001,0.008,0.003,0.001,0.001,0.01,0.032,0.04,0.177,0.126,0.022,0.059,0.123,0.156,0.042,0.106,0.025,0.074,0.013,0.084
Hamilton County,2018,39061,0.011,0.063,N/A,N/A,0.008,0.112,0.006,0.018,0.007,0.001,0.029,0.057,0.037,0.007,0.007,0.007,0.005,0.006,0.008,0.022,0.001,0.011,0.114,0.055,0.149,0.038,0.021,N/A,N/A,N/A,0.025,0.03,0.003,0.029,0.001,0.001,0.004,0.003,0.008,0.001,N/A,0.011,0.084,0.212,0.149,0.026,0.048,0.169,0.149,0.038,0.021,N/A,0.029,0.009,N/A
All California,1999,6000,0.043,0.046,0.045,0.019,0,0.054,0.096,0.005,0.008,0.007,0,0.039,0.031,0.014,0.004,0.005,0.005,0.01,0.002,0.0345,0.0135,0.001,0.101,0.001,0.157,0.021,0.07,0.049,0.011,0.013,0.013,0,0.007,0.022,0,0,0,0.002,0,0.001,0.004,0.018,0.027,0.303,0.09,0.028,0.061,0.102,0.157,0.021,0.07,0.049,0.066,0.002,0.05
All California,2003,6000,0.022,0.057,0.02,0.008,0,0.047,0.057,0.005,0.005,0.005,0,0.044,0.036,0.009,0.004,0.003,0.007,0.008,0.002,0.0365,0.0155,0.015,0.065,0.003,0.146,0.024,0.045,0.096,0.017,0.024,0.024,0.021,0.019,0.036,0,0,0,0,0.012,0.001,0.003,0.034,0.024,0.211,0.095,0.023,0.077,0.068,0.146,0.024,0.045,0.096,0.141,0,0.074
All California,2008,6000,0.013,0.048,0.027,0,0,0.034,0.052,0.005,0.004,0.004,0,0.034,0.049,0.005,0.002,0.003,0.005,0.006,0.001,0.02,0.018,0,0.065,0.006,0.155,0.022,0.044,0.145,0.016,0.07,0.032,0.032,0.028,0,0,0,0,0.002,0.006,0,0.002,0.035,0.01,0.174,0.096,0.015,0.045,0.071,0.155,0.022,0.044,0.145,0.178,0.002,0.053
All California,2014,6000,0.012,0.031,0.007,0.006,0,0.041,0.075,0.006,0.005,0.006,0,0.04,0.047,0.009,0.002,0.004,0.01,0.007,0.002,0.012,0.009,0.002,0.069,0.017,0.181,0.04,0.049,0.119,0.011,0.014,0.024,0.018,0.007,0.023,0,0,0.001,0.004,0.008,0,0.001,0.044,0.034,0.172,0.104,0.025,0.032,0.086,0.181,0.04,0.049,0.119,0.097,0.005,0.087
All California,2018,6000,0.007,0.052,0.004,0.004,0.014,0.071,0.014,0.007,0.005,0.009,0.005,0.061,0.028,0.009,0.004,0.002,0.002,0.008,0.001,0.015,0.017,0.005,0.054,0.015,0.149,0.03,0.039,0.108,0.019,0.015,0.026,0.016,0.017,0.047,0,0,0.001,0.001,0.003,0,0.004,0.062,0.045,0.166,0.115,0.017,0.046,0.069,0.149,0.03,0.039,0.108,0.14,0.002,0.114
All California,2021,6000,0.003,0.041,0.006,0.004,0.014,0.082,0.006,0.008,0.005,0,0.002,0.044,0.078,0.012,0.0025,0.0035,0.006,0.004,0.003,0.0275,0.0105,0.004,0.05,0.01,0.109,0.03,0.04,0.097,0.018,0.019,0.02,0.013,0.014,0.036,0,0,0.005,0.002,0.009,0,0.001,0.047,0.114,0.156,0.137,0.024,0.049,0.06,0.109,0.03,0.04,0.097,0.12,0.007,0.171
Miami Dade County,2021,12086,0.001,0.033,0.006,N/A,0.028,0.032,0.09,0.016,0.01,0.002,0.037,0.049,0.022,0.022,0.011,0.006,0.008,0.006,0.005,0.011,0.007,0.005,0.126,0.019,0.167,0.049,0.057,0.014,0.004,0.011,0.001,N/A,0.001,0.001,0.002,0.001,N/A,0.008,0.008,0.001,0.006,N/A,0.117,N/A,0.136,0.047,0.034,0.145,0.167,0.049,0.057,0.014,N/A,N/A,N/A
IOWA State Overall,2022,19000,0.003,0.075,0.012,0.005,0.018,0.094,0.01,0.015,0.01,0.022,0.006,0.077,0.023,0.005,0.001,0.008,0.004,0.005,0.009,0.029,0.001,N/A,0.025,0.023,0.192,0.05,0.045,0.049,0.004,0.007,0.015,0.02,0.003,0.009,0.001,0.001,0.001,0.003,0.01,0.004,0.01,0.018,0.078,0.217,0.153,0.018,N/A,0.048,0.192,0.05,0.045,0.049,0.058,0.006,0.12
IOWA State Overall,2017,19000,0.013,0.046,0.009,0.015,0.006,0.137,0.029,0.02,0.011,0.027,0.008,0.087,0.03,0.008,0.001,0.001,0.011,0.008,0.009,0.019,0.003,0.007,0.029,0.009,0.2,0.041,0.087,0.022,0.003,0.006,0.048,0.011,0.002,0.007,0.001,0.001,0.001,0.004,0.014,0.001,N/A,N/A,0.008,0.255,0.183,0.021,0.046,0.038,0.2,0.041,0.087,0.022,0.077,0.007,N/A
IOWA State Overall,2011,19000,0.016,0.09,0.009,0.012,0.002,0.099,0.024,0.009,0.007,0.016,0.015,0.067,0.053,0.005,0.001,0.001,0.006,0.007,0.005,0.022,0.016,0.021,0.046,0.054,0.133,0.041,0.067,0.038,0.01,0.006,0.031,0.018,0.008,0.012,0.0005,0.0005,0.0005,0.0005,0.023,0.001,N/A,N/A,0.007,0.252,0.167,0.013,0.071,0.1,0.133,0.041,0.067,0.038,0.085,0.002,N/A
IOWA State Overall,2005,19000,0.04,0.085,0.025,0.018,N/A,0.135,0.028,0.009,0.01,0.004,N/A,0.066,0.06,0.007,0.001,0.001,0.007,0.01,0.004,0.028,0.005,0.002,0.017,0.034,0.155,0.049,0.044,0.046,N/A,N/A,N/A,N/A,N/A,0.055,0.0005,0.0005,0.0005,0.0005,0.027,0.002,N/A,N/A,0.024,N/A,N/A,0.016,0.049,0.051,0.155,0.049,0.044,0.046,N/A,0.002,N/A
IOWA State Overall,1998,19000,0.033,0.085,0.023,0.025,N/A,0.054,0.103,0.009,0.01,0.011,0.018,0.088,0.008,0.01,0.001,0.002,0.014,0.017,0.003,0.034,0.007,0.022,0.013,0.028,0.107,0.042,0.048,0.036,N/A,N/A,0.052,N/A,N/A,0.048,0.003,0.0005,0.0005,0.01,0.016,0.002,N/A,N/A,0.017,N/A,0.144,0.027,0.083,0.041,0.107,0.042,0.048,0.036,N/A,0.014,N/A
"Montgomery County, Maryland",2017,24031,0.014,0.028,0.01,0.004,0.045,0.039,0.085,0.024,0.006,0.001,0.004,0.08,0.03,0.013,0.002,0.002,0.002,0.004,0.004,0.015,0.003,N/A,0.027,0.032,0.2,0.048,0.114,0.038,N/A,0.002,0.027,0.018,N/A,N/A,0.001,0.001,N/A,0.002,0.017,0.02,0.01,0.004,0.024,0.225,0.145,0.019,N/A,0.059,0.2,0.048,0.114,0.038,N/A,N/A,0.075
San Antonio as whole county,2018,48029,0.011,0.024,N/A,N/A,N/A,0.031,0.017,0.014,0.011,N/A,0.022,0.049,0.057,0.0097,0.0097,0.0097,0.008,0.012,0.008,0.0045,0.0135,0.006,0.061,N/A,0.252,0.045,0.235,0.012,N/A,N/A,N/A,N/A,N/A,N/A,N/A,N/A,0.003,0.003,0.007,0.001,N/A,N/A,0.049,N/A,N/A,0.0371,0.044,N/A,0.252,0.045,0.235,0.012,N/A,N/A,N/A
"Wake County, North Carolina",2011,37183,0.018,0.003,0.061,0.02,0.048,0.044,0.069,0.019,0.009,0.002,0.017,0.084,0.042,0.016,0.006,0.008,0.001,0.01,0.009,0.01,0.008,N/A,0.024,0.021,0.151,0.038,0.115,0.009,0.001,0.005,0.032,N/A,0.001,0.031,0.001,N/A,N/A,0.001,0.015,0.002,N/A,N/A,0.049,0.263,0.173,0.031,N/A,0.045,0.151,0.038,0.115,0.009,N/A,N/A,N/A
"Onondaga County, New York",2019,36067,0.01,0.05,0.007,0.005,0.001,0.107,0.026,0.01,0.01,0.013,0.016,0.079,0.043,0.006,0.004,0.003,0.014,0.005,0.005,0.016,0.005,N/A,0.01,0.016,0.21,0.052,0.072,0.024,0.003,0.006,0.062,0.016,0.004,0.022,N/A,N/A,0.006,0.002,0.007,0.001,0.009,0.04,0.003,0.206,0.171,0.027,N/A,0.026,0.21,0.052,0.072,0.024,0.113,N/A,0.06
"Larimer County, Colorado",2006,8069,0.043,0.078,0.02,0.015,0.002,0.043,0.054,0.006,0.004,0.004,0.006,0.035,0.027,0.009,0.002,0.009,0.012,0.009,0.009,0.016,0.007,0.006,0.066,0.041,0.132,0.024,0.042,0.056,0.026,0.035,0.023,0.033,0.031,0.014,N/A,N/A,N/A,0.008,0.013,N/A,0.002,0.015,0.023,0.255,0.082,0.032,0.047,0.107,0.132,0.024,0.042,0.056,0.162,N/A,N/A
"Franklin County, Ohio",2019,39049,0.02,0.104,0.01,0.004,0.017,0.11,0.018,0.019,0.008,0.016,0.006,0.07,0.047,0.006,0.006,0.006,0.012,0.006,0.006,0.013,0.008,N/A,0.049,0.011,0.147,0.04,0.014,0.073,0.003,0.002,0.022,0.027,0.00004,0.019,0.001,N/A,0.005,0.001,0.008,0.001,0.002,0.032,0.031,0.283,0.166,0.03,N/A,0.06,0.147,0.04,0.014,0.073,0.07304,N/A,0.074
Wisconsin-North East,2020,"55009, 55015, 55029, 55039, 55047, 55061, 55071, 55075, 55077, 55078, 55083, 55087, 55115, 55135, 55137, 55139",0.006,0.017,0.018,0.008,0.015,0.107,0.037,0.026,0.008,0.022,0.009,0.095,0.03,0.004,0.005,N/A,0.009,0.005,0.006,0.008,0.005,0.009,0.029,0.021,0.207,0.058,0.099,0.008,0.009,0.003,0.019,0.022,0.001,0.021,0.001,0.002,N/A,0.007,0.013,0.003,0.002,0.013,0.013,0.208,0.19,N/A,0.033,0.05,0.207,0.058,0.099,0.008,0.075,N/A,0.044
Wisconsin-Northern,2020,"55003, 55005, 55007, 55013, 55031, 55051, 55095, 55099, 55107, 55113, 55119, 55129, 55037, 55041, 55067, 55069, 55085, 55125",0.009,0.034,0.01,0.006,0.017,0.095,0.039,0.025,0.021,0.017,0.0075,0.047,0.0255,0.007,0.005,N/A,0.01,0.01,0.014,0.009,0.024,0.012,0.028,0.009,0.222,0.067,0.113,0.007,0.0065,0.003,0.045,0.007,0.0005,0.013,0.002,0.002,N/A,0.004,0.007,0.002,0.001,0.009,0.004,0.21,0.143,N/A,0.069,0.037,0.222,0.067,0.113,0.007,0.075,N/A,0.023
Wisconsin-South Central (SC),2020,"55021, 55025, 55027, 55045, 55043, 55049, 55055, 55065, 55103, 55105, 55111",0.009,0.023,0.008,0.006,0.014,0.095,0.04,0.014,0.007,0.02,0.0095,0.088,0.0295,0.008,0.004,N/A,0.009,0.006,0.011,0.016,0.0075,0.009,0.028,0.031,0.2,0.048,0.113,0.014,0.0045,0.0045,0.052,0.013,0.0005,0.014,0.001,0.002,N/A,0.004,0.0095,0.003,0.001,0.007,0.008,0.195,0.168,N/A,0.0495,0.059,0.2,0.048,0.113,0.014,0.0885,N/A,0.0285
Wisconsin-Southeast (SE),2020,"55059, 55079, 55089, 55101, 55117, 55127, 55131, 55133",0.008,0.027,0.015,0.01,0.02,0.104,0.027,0.021,0.0095,0.021,0.0095,0.075,0.0255,0.007,0.007,N/A,0.013,0.007,0.015,0.0085,0.0145,0.007,0.017,0.013,0.23,0.046,0.113,0.01,0.009,0.003,0.044,0.0065,0.002,0.012,0.009,0.001,N/A,0.0035,0.008,0.001,0.004,0.0015,0.016,0.211,0.1615,N/A,0.052,0.03,0.23,0.046,0.113,0.01,0.0765,N/A,0.0305
Wisconsin-West Central (WC),2020,"55001, 55011, 55017, 55019, 55023, 55033, 55035, 55053, 55057, 55063, 55073, 55081, 55091, 55093, 55097, 55109, 55121, 55123, 55141",0.012,0.064,0.019,0.007,0.016,0.109,0.035,0.016,0.007,0.021,0.0065,0.081,0.0365,0.005,0.003,N/A,0.018,0.005,0.008,0.0245,0.0185,0.008,0.006,0.041,0.172,0.066,0.053,0.058,0.02,0.001,0.018,0.009,0.0005,0.01,0.0005,0.001,N/A,0.0015,0.008,0.001,0.002,0.009,0.004,0.262,0.168,N/A,0.064,0.047,0.172,0.066,0.053,0.058,0.0585,N/A,0.024
Wisconsin-North East,2002,"55009, 55015, 55029, 55039, 55047, 55061, 55071, 55075, 55077, 55078, 55083, 55087, 55115, 55135, 55137, 55139",0.012,0.033,0.01,0.008,0.007,0.079,0.023,0.003,0.003,0.0005,0.003,0.038,0.04,N/A,N/A,N/A,0.021,0.056,0.006,0.015,0.001,0.005,0.015,0.154,0.113,0.029,0.054,0.022,0.019,0.034,0.013,0.0185,0.035,0.069,0.002,0.00005,N/A,0.002005,0.021,0.001,0.001,0.032,0.0019,0.172,0.0875,N/A,0.083,0.169,0.113,0.029,0.054,0.022,0.1885,N/A,0.0569
Wisconsin-Northern,2002,"55003, 55005, 55007, 55013, 55031, 55051, 55095, 55099, 55107, 55113, 55119, 55129, 55037, 55041, 55067, 55069, 55085, 55125",0.048,0.03,0.029,0.012,0.008,0.092,0.037,0.007,0.007,N/A,0.008,0.05,0.035,N/A,N/A,N/A,0.047,0.03,0.01,0.009,0.001,0.0001,0.003,0.118,0.131,0.023,0.052,0.021,0.025,0.015,0.024,0.024,0.009,0.045,0.00055,0.00005,N/A,0.00055,0.023005,0.001,0.001,0.016,0.0077,0.256,N/A,N/A,0.0501,0.121,0.131,0.023,0.052,0.021,0.142,N/A,0.048705
Wisconsin-South Central (SC),2002,"55021, 55025, 55027, 55045, 55043, 55049, 55055, 55065, 55103, 55105, 55111",0.021,0.031,0.015,0.01,0.009,0.106,0.029,0.004,0.003,N/A,0.005,0.04,0.052,N/A,N/A,N/A,0.012,0.035,0.004,0.006,0.001,0.006,0.006,0.112,0.113,0.014,0.043,0.04,0.015,0.03,0.022,0.016,0.117,0.024,0.0005,0.0005,N/A,0.005,0.013,0.001,0.003,0.031,0.005,0.221,N/A,N/A,0.052,0.118,0.113,0.014,0.043,0.04,0.224,N/A,0.053
Wisconsin-Southeast (SE),2002,"55059, 55079, 55089, 55101, 55117, 55127, 55131, 55133",0.019,0.057,0.014,0.01,0.006,0.09,0.021,0.004,0.004,N/A,0.004,0.039,0.052,N/A,N/A,N/A,0.025,0.029,0.006,0.017,0.002,0.006,0.021,0.124,0.087,0.027,0.037,0.022,0.017,0.046,0.014,0.045,0.059,0.023,0.0006,0.00005,N/A,0.0095,0.024,0.002,0.013,0.021,0.0034,0.217,N/A,N/A,0.06,0.145,0.087,0.027,0.037,0.022,0.204,N/A,0.0634
Wisconsin-West Central (WC),2002,"55001, 55011, 55017, 55019, 55023, 55033, 55035, 55053, 55057, 55063, 55073, 55081, 55091, 55093, 55097, 55109, 55121, 55123, 55141",0.016,0.038,0.011,0.012,0.008,0.088,0.026,0.005,0.007,0.0005,0.006,0.04,0.07,N/A,N/A,N/A,0.022,0.065,0.011,0.018,0.001,0.009,0.004,0.117,0.094,0.027,0.066,0.022,0.01,0.046,0.019,0.013,0.049,0.014,0.0005,0.0005,N/A,0.0015,0.022,0.006,0.002,0.03,0.0035,0.199,0.1285,N/A,0.104,0.121,0.094,0.027,0.066,0.022,0.151,N/A,0.0635
Washington-Central,2015,"53025, 53007",0.006,0.039,0.02,0.003,0.005,0.072,0.006,0.025,0.014,0.013,0.033,0.039,0.016,0.011,0.004,0.006,0.003,0.008,0.008,0.02,0.014,0.0005,0.122,0.036,0.184,0.031,0.053,0.065,0.014,0.019,0.015,0.015,0.007,0.03,0.0005,0.0005,0.003,0.001,0.006,0.0005,0.01,0.02,0.002,0.151,0.14,0.024,0.0505,0.158,0.184,0.031,0.053,0.065,0.1,0.005,0.0385
Washington-East,2015,"53063, 53021",0.007,0.034,0.01,0.004,0.002,0.112,0.007,0.011,0.007,0.009,0.035,0.044,0.012,0.006,0.002,0.003,0.006,0.004,0.006,0.018,0.017,0.001,0.117,0.024,0.159,0.023,0.07,0.08,0.017,0.049,0.004,0.017,0.005,0.018,0.0005,0.001,0.002,0.0025,0.003,0.001,0.019,0.029,0.002,0.176,0.118,0.017,0.046,0.141,0.159,0.023,0.07,0.08,0.11,0.006,0.054
Washington-Northwest,2015,53057,0.008,0.034,0.004,0.001,0.003,0.087,0.012,0.009,0.004,0.007,0.039,0.032,0.011,0.006,0.003,0.004,0.004,0.003,0.004,0.017,0.023,0.009,0.055,0.041,0.205,0.025,0.071,0.098,0.02,0.029,0.005,0.012,0.016,0.012,0.004,0,0.017,0.002,0.001,0.002,0.002,0.054,0.005,0.149,0.102,0.017,0.056,0.096,0.205,0.025,0.071,0.098,0.094,0.023,0.064
Washington-Puget Sound,2015,"53035, 53033, 53067, 53053",0.012,0.03,0.004,0.002,0.004,0.082,0.006,0.008,0.005,0.01,0.031,0.018,0.012,0.008,0.001,0.006,0.008,0.004,0.004,0.027,0.027,0.0001,0.054,0.033,0.179,0.047,0.108,0.11,0.01,0.024,0.001,0.03,0.047,0.013,0.001,0.001,0.008,0.0038,0.007,0.0001,0.003,0.007,0.004,0.14,0.084,0.023,0.0621,0.087,0.179,0.047,0.108,0.11,0.125,0.0138,0.0211
Washington-Southwest,2015,"53015, 53041, 53011",0.007,0.031,0.006,0.003,0.002,0.091,0.009,0.01,0.007,0.011,0.04,0.041,0.011,0.005,0.004,0.003,0.022,0.005,0.005,0.025,0.036,0.003,0.047,0.037,0.118,0.038,0.059,0.092,0.037,0.042,0.01,0.023,0.019,0.013,0.0005,0.0005,0.009,0.004,0.014,0.001,0.003,0.043,0.013,0.149,0.12,0.034,0.074,0.084,0.118,0.038,0.059,0.092,0.144,0.014,0.074
Washington-West,2015,"53009, 53027",0.009,0.03,0.004,0.003,0.003,0.098,0.006,0.008,0.006,0.012,0.036,0.023,0.015,0.006,0.002,0.004,0.005,0.005,0.005,0.014,0.026,0.001,0.049,0.048,0.125,0.055,0.096,0.127,0.015,0.027,0.009,0.013,0.014,0.015,0.001,0.001,0.01,0.002,0.006,0.001,0.007,0.055,0.003,0.153,0.1,0.017,0.051,0.097,0.125,0.055,0.096,0.127,0.093,0.014,0.072
Vermont-State,2018,50000,0.012,0.039,0.004,0.008,0.014,0.099,0.024,0.008,0.004,0.001,0.003,0.068,0.042,0.01,N/A,N/A,0.009,0.006,0.006,0.009,0.004,0.006,0.008,0.031,0.194,0.042,0.085,0.039,0.004,0.005,0.015,0.031,N/A,0.031,N/A,0.002,N/A,0.003,N/A,0.001,0.002,0.091,0.04,0.2,0.126,N/A,0.031,0.039,0.194,0.042,0.085,0.039,N/A,N/A,N/A
Missouri-Overall,2017,29000,0.015,0.085,0.013,0.009,N/A,0.121,0.017,0.016,0.009,0.01,0.007,0.069,0.041,0.014,0.002,0.008,0.004,0.01,0.009,0.018,0.006,N/A,0.026,0.037,0.15,0.049,0.066,0.045,0.006,0.005,0.017,0.026,N/A,0.016,0.001,0.001,0.001,0.001,0.012,N/A,0.008,0.038,0.0119,N/A,0.152,0.028,N/A,0.063,0.15,0.049,0.066,0.045,N/A,0.004,N/A
Missouri-Overall,2008,29000,0.052,0.082,0.064,0.037,N/A,0.082,0.02,0.026,0.019,0.02,0.02,0.048,0.04,0.027,0.006,0.018,0.003,0.029,0.019,0.009,0.003,N/A,0.026,0.005,0.172,0.047,0.059,0.007,0.003,0.003,0.009,0.003,N/A,0.003,0.002,0.001,0.005,0.001,0.01,N/A,0.003,0.006,0.011,N/A,0.173,0.054,N/A,0.031,0.172,0.047,0.059,0.007,N/A,0.009,N/A
"Lane County, Oregon",2016,41039,0.007,0.032,0.031,0.005,0.011,0.046,0.016,0.004,0.003,0.01,0.002,0.044,0.041,0.002,0.006,N/A,0.018,0.006,0.004,0.016,0.015,N/A,0.037,0.064,0.171,0.031,0.049,0.089,0.021,0.06,N/A,0.033,0.052,0.005,N/A,N/A,0.011,0.001,0.01,N/A,0.001,0.027,0.017,0.148,0.104,N/A,N/A,0.101,0.171,0.031,0.049,0.089,N/A,N/A,N/A
Pennsylvania (Northeast),2001,"42015, 42025, 42037, 42069, 42079, 42089, 42093, 42097, 42103, 42107, 42113, 42115, 42127, 42131",0.041,0.088,0.028,0.02,0.007,0.037,0.114,0.009,0.008,0.001,0.009,0.058,0.031,0.013,0.003,0.005,0.006,0.014,0.004,0.028,0.006,N/A,0.017,0.069,0.135,0.044,0.04,0.031,0.013,N/A,0.011,0.012,N/A,0.058,0.001,0.001,0.001,0.001,0.007,N/A,N/A,0.006,0.023,0.335,0.116,0.027,0.053,0.086,0.135,0.044,0.04,0.031,0.083,0.004,0.023
Pennsylvania (Northcentral),2001,"42023, 42027, 42033, 42035, 42037, 42081, 42097, 42105, 42109, 42117, 42119",0.03,0.071,0.045,0.023,0.005,0.052,0.101,0.009,0.007,0.001,0.005,0.053,0.03,0.012,0.005,0.008,0.002,0.011,0.006,0.03,0.012,N/A,0.032,0.064,0.152,0.037,0.049,0.015,0.011,N/A,0.011,0.042,N/A,0.036,0.001,0.001,0.001,0.004,0.01,N/A,N/A,0.002,0.014,0.327,0.105,0.027,0.059,0.096,0.152,0.037,0.049,0.015,0.089,0.007,0.014
Pennsylvania (Northwest),2001,"42031, 42039, 42049, 42053, 42065, 42085, 42121, 42123",0.045,0.063,0.021,0.026,0.002,0.037,0.114,0.012,0.009,0.001,0.007,0.052,0.032,0.014,0.002,0.006,0.006,0.015,0.007,0.031,0.009,N/A,0.054,0.048,0.12,0.043,0.041,0.024,0.01,N/A,0.013,0.026,N/A,0.054,0.001,0.001,0.001,0.003,0.012,N/A,N/A,0.018,0.02,0.308,0.113,0.028,0.062,0.102,0.12,0.043,0.041,0.024,0.09,0.006,0.021
Pennsylvania (SouthEast),2001,"42011, 42017, 42029, 42045, 42071, 42075, 42077, 42091, 42095, 42101",0.036,0.094,0.048,0.031,0.005,0.045,0.088,0.009,0.005,0.002,0.008,0.044,0.043,0.016,0.007,0.01,0.005,0.008,0.006,0.028,0.008,N/A,0.065,0.064,0.113,0.035,0.032,0.019,0.009,N/A,0.009,0.013,N/A,0.042,0.001,0.001,0.001,0.001,0.019,N/A,N/A,0.016,0.014,0.347,0.111,0.038,0.048,0.129,0.113,0.035,0.032,0.019,0.066,0.004,0.014
Pennsylvania (SOUTHWEST),2001,"42003, 42005, 42007, 42019, 42051, 42059, 42063, 42073, 42125, 42129",0.056,0.076,0.031,0.022,0.005,0.047,0.085,0.011,0.009,0.003,0.007,0.047,0.034,0.011,0.002,0.004,0.003,0.012,0.005,0.039,0.012,N/A,0.061,0.048,0.108,0.042,0.043,0.033,0.01,N/A,0.009,0.017,N/A,0.044,0.001,0.0005,0.0005,0.002,0.016,N/A,N/A,0.002,0.042,0.322,0.111,0.02,0.068,0.109,0.108,0.042,0.043,0.033,0.071,0.004,0.042
Pennsylvania (SouthCentral),2001,"42001, 42041, 42043, 42055, 42061, 42067, 42071, 42075, 42087, 42099, 42109, 42133",0.036,0.094,0.048,0.031,0.005,0.045,0.088,0.009,0.005,0.002,0.008,0.044,0.043,0.016,0.007,0.01,0.005,0.008,0.006,0.028,0.008,N/A,0.065,0.064,0.113,0.035,0.032,0.019,0.009,N/A,0.009,0.013,N/A,0.042,0.001,0.001,0.001,0.001,0.019,N/A,N/A,0.016,0.014,0.347,0.111,0.038,0.048,0.129,0.113,0.035,0.032,0.019,0.066,0.004,0.014
Washington State (Central),2020,"53025, 53007",0.0031,0.0662,0.051,0.006,0.003,0.064,0.007,0.0165,0.0125,0.0272,0.021,0.045,0.028,0.016,0.007,0.008,0.0089,0.0095,0.009,0.025,0.0245,0.004,0.04,0.027,0.168,0.043,0.024,0.0835,0.018,0.0095,0.01,0.008,0.006,0.0201,0.001,0.0015,0.0015,0.011,0.015,0.001,0.004,0.041,0.0045,0.2003,0.1502,0.0399,0.072,0.067,0.168,0.043,0.024,0.0835,0.0716,0.015,0.0655
Washington State (East),2020,"53063, 53021",0.004,0.06,0.037,0.002,0.002,0.081,0.002,0.014,0.009,0.03,0.025,0.036,0.037,0.012,0.004,0.003,0.003,0.005,0.008,0.029,0.023,0.008,0.064,0.01,0.142,0.036,0.02,0.09,0.011,0.033,0.019,0.017,0.008,0.006,0.001,0.002,0.0311,0.0076,0.017,0.0003,0.004,0.031,0.016,0.188,0.151,0.022,0.073,0.074,0.142,0.036,0.02,0.09,0.094,0.0417,0.0683
Washington State (Northwest),2020,53057,0.002,0.044,0.024,0.002,0.002,0.071,0.001,0.007,0.007,0.021,0.014,0.026,0.038,0.006,0.004,0.002,0.008,0.004,0.004,0.055,0.035,0.01,0.027,0.042,0.097,0.053,0.025,0.19,0.004,0.026,0.003,0.018,0.003,0.047,0.003,0.001,0.001,0.002,0.02,0.001,0.013,0.036,0.001,0.146,0.113,0.02,0.108,0.069,0.097,0.053,0.025,0.19,0.101,0.007,0.071
Washington State (Puget Sound),2020,"53035, 53033, 53067, 53053",0.003,0.05,0.029,0.001,0.001,0.064,0.001,0.009,0.005,0.024,0.023,0.028,0.028,0.009,0.004,0.003,0.007,0.003,0.006,0.036,0.033,0,0.114,0.021,0.136,0.039,0.044,0.122,0.046,0.013,0.009,0.01,0.027,0.014,0.001,0.001,0.006,0.005,0.004,0.001,0.003,0.014,0.003,0.149,0.117,0.023,0.078,0.135,0.136,0.039,0.044,0.122,0.119,0.013,0.025
Washington State (Southwest),2020,"53015, 53041, 53011",0.003,0.055,0.047,0.001,0.001,0.074,0.001,0.01,0.006,0.041,0.024,0.046,0.033,0.007,0.004,0.002,0.002,0.004,0.007,0.02,0.015,0.002,0.058,0.034,0.112,0.023,0.03,0.135,0.03,0.033,0.01,0.014,0.006,0.028,0.002,0.002,0.002,0.005,0.004,0.003,0.004,0.029,0.03,0.182,0.16,0.015,0.048,0.092,0.112,0.023,0.03,0.135,0.121,0.011,0.07
Washington State (West),2020,"53009, 53027",0.005,0.046,0.038,0.003,0.003,0.082,0.003,0.013,0.007,0.038,0.025,0.055,0.016,0.007,0.001,0.004,0.004,0.005,0.007,0.023,0.03,0.003,0.085,0.025,0.165,0.04,0.043,0.106,0.008,0.007,0.01,0.015,0.01,0.013,0.001,0.002,0.02,0.003,0.002,0.002,0.007,0.016,0.002,0.18,0.154,0.016,0.068,0.11,0.165,0.04,0.043,0.106,0.063,0.026,0.029
Pennsylvania (Northeast) (Appendix B),2021,"42015, 42025, 42037, 42069, 42079, 42089, 42093, 42097, 42103, 42107, 42113,42115, 42127, 42131.",0.009,0.08,0.003,0.006,0.004,0.143,0.045,0.016,0.011,0.015,0.01,0.089,0.063,0.011,0.003,0.004,0.006,0.011,0.01,0.012,0.004,N/A,0.018,0.029,0.166,0.034,0.085,0.02,0.006,0.0031,0.011,0.009,0.001,0.016,N/A,N/A,0.004,0.0001,0.004,0.0011,N/A,0.034,0.004,0.29,0.204,0.024,N/A,0.047,0.166,0.034,0.085,0.02,0.0461,N/A,N/A
Pennsylvania (Northcentral) (Appendix C),2021,"42023, 42027, 42033, 42035, 42037, 42081, 42097, 42105, 42109, 42117,42119",0.004,0.066,0.005,0.005,0.003,0.13,0.032,0.017,0.008,0.022,0.013,0.093,0.044,0.013,0.002,0.005,0.005,0.008,0.011,0.016,0.005,N/A,0.026,0.023,0.184,0.036,0.1,0.02,0.005,0.0031,0.01,0.014,0.002,0.013,N/A,N/A,0.005,0.0001,0.009,0.0011,N/A,0.033,0.0087,0.245,0.197,0.025,N/A,0.049,0.184,0.036,0.1,0.02,0.0471,N/A,N/A
Pennsylvania (Northwest) (Appendix D),2021,"42031, 42039, 42049, 42053, 42065, 42085, 42121, 42123.",0.005,0.051,0.006,0.009,0.003,0.126,0.031,0.019,0.007,0.013,0.006,0.072,0.056,0.015,0.004,0.007,0.01,0.008,0.01,0.016,0.005,N/A,0.044,0.025,0.187,0.05,0.086,0.027,0.008,0.0021,0.016,0.011,0.003,0.02,N/A,N/A,0.0028,0.001,0.01,0.0011,N/A,0.019,0.008,0.231,0.173,0.036,N/A,0.069,0.187,0.05,0.086,0.027,0.0601,N/A,N/A
Pennsylvania (SouthEast) (Appendix E),2021,"42011, 42017, 42029, 42045, 42071, 42075, 42077, 42091, 42095, 42101.",0.006,0.073,0.004,0.008,0.002,0.12,0.028,0.012,0.006,0.014,0.007,0.081,0.047,0.01,0.003,0.003,0.006,0.006,0.008,0.016,0.005,N/A,0.049,0.04,0.189,0.046,0.068,0.027,0.006,0.005,0.021,0.019,0.005,0.018,N/A,N/A,0.0038,0.0001,0.006,0.0011,N/A,0.027,0.004,0.241,0.167,0.022,N/A,0.089,0.189,0.046,0.068,0.027,0.074,N/A,N/A
Pennsylvania (SOUTHWEST) (Appendix G),2021,"42003, 42005, 42007, 42019, 42051, 42059, 42063, 42073, 42125, 42129",0.008,0.068,0.007,0.01,0.004,0.128,0.024,0.018,0.01,0.014,0.009,0.087,0.05,0.014,0.005,0.006,0.004,0.009,0.011,0.03,0.007,N/A,0.032,0.039,0.15,0.044,0.082,0.025,0.004,0.006,0.009,0.016,0.003,0.02,N/A,N/A,0.004,0.0004,0.0055,0.0011,N/A,0.029,0.006,0.249,0.188,0.029,N/A,0.071,0.15,0.044,0.082,0.025,0.058,N/A,N/A
Pennsylvania (SouthCentral) (Appendix F),2021,"42001,42041, 42043, 42055, 42061, 42067, 42071, 42075, 42087, 42099, 42109, 42133.",0.007,0.081,0.005,0.007,0.005,0.13,0.046,0.017,0.007,0.014,0.013,0.105,0.061,0.009,0.003,0.004,0.008,0.009,0.008,0.009,0.004,N/A,0.03,0.037,0.149,0.027,0.088,0.023,0.004,0.001,0.008,0.008,0.0005,0.011,N/A,N/A,0.0029,0.001,0.0045,0.0011,N/A,0.044,0.008,0.281,0.217,0.024,N/A,0.067,0.149,0.027,0.088,0.023,0.0325,N/A,N/A
Wyoming-State,2010,56000,0.025,0.12,0.035,0.025,0.02,0.04,0.04,0.02,0.015,0.015,0.015,0.035,0.02,0.01,0.007,0.007,0.006,0.02,0.01,0.025,0.01,0.005,0.06,0.05,0.1,0.04,0.02,0.03,0.03,0.045,N/A,0.01,0.025,0.01,0.003,0.001,0.005,0.003,0.008,N/A,0.01,0.01,0.015,0.305,0.12,0.03,0.07,0.11,0.1,0.04,0.02,0.03,N/A,0.012,N/A
"Ashtabula County, Ohio",2003,39007,0.095,0.088,0.061,0.05,0.058,0.099,0.007,0.023,0.087,0.039,N/A,N/A,0.031,N/A,N/A,N/A,N/A,0.021,0.018,0.004,0.003,N/A,0.043,N/A,0.137,0.063,0.026,0.001,N/A,N/A,0.001,N/A,N/A,N/A,N/A,N/A,0.002,0.002,N/A,0.001,N/A,N/A,N/A,0.458,N/A,N/A,N/A,N/A,0.137,0.063,0.026,0.001,N/A,N/A,N/A
"Kauai County, Hawaii",2016,15007,0.008,0.044,0.013,0.006,0.011,0.041,0.061,0.01,0.007,0.011,0.007,0.063,0.016,0.009,0.013,0.001,0.005,0.005,0.003,0.013,0.016,0.011,0.063,0.114,0.103,0.03,0.082,0.029,0.034,0.024,0.017,0.006,0.019,0.001,0.001,0.001,0.001,0.001,0.006,0.001,0.001,0.004,0.084,0.184,0.114,0.028,0.048,0.177,0.103,0.03,0.082,0.029,0.101,0.004,0.096
Rhode Island State,2015,44000,0.03,0.078,0.021,0.001,0.024,0.017,0.068,0.009,0.004,0.022,0.008,0.051,0.024,N/A,N/A,N/A,N/A,0.005,0.006,0.018,0.003,0.001,0.054,N/A,0.19,0.055,0.018,0.079,0.008,0.006,N/A,0.029,0.001,0.015,0.001,0.001,0.002,0.003,0.008,0.01,0.002,0.031,0.0885,0.239,0.118,0.028,0.033,N/A,0.19,0.055,0.018,0.079,N/A,0.007,0.1395
Maryland-State,2016,24000,0.016,0.086,0.005,0.007,0.024,0.035,0.084,0.016,0.008,0.025,0.008,0.054,0.029,0.011,0.003,0.006,0.003,0.012,0.004,0.015,0.005,N/A,0.027,0.023,0.179,0.057,0.06,0.046,0.007,0.025,0.022,0.042,N/A,0.005,0.001,0.001,0.002,0.001,0.005,0.001,0.002,0.02,0.017,0.257,0.14,0.023,N/A,0.05,0.179,0.057,0.06,0.046,N/A,0.005,0.045
Minnesota,2012,27000,0.014,0.037,0.011,0.007,0.019,0.034,0.121,0.013,0.011,0.009,0.01,0.066,0.071,0.013,0.005,N/A,0.004,0.007,0.004,0.027,0.007,N/A,0.028,0.02,0.178,0.047,0.045,0.037,N/A,N/A,N/A,0.023,N/A,N/A,0.001,0.001,0.001,0.002,0.012,0.001,N/A,0.034,0.08,0.243,0.18,N/A,N/A,0.048,0.178,0.047,0.045,0.037,N/A,0.005,N/A
"Adams County, Illinois",2014,17001,0.0173,0.0209,0.0203,0.0122,0.1703,0.0203,0.0327,0.0089,0.0089,0.0073,0.0225,0.0516,0.005,0.026,0.0114,N/A,0.0038,0.0087,0.0059,0.0256,0.0068,0.0128,0.0449,0.0089,0.1153,0.0269,0.0302,N/A,N/A,N/A,0.0173,0.0119,N/A,N/A,N/A,0.0002,N/A,0.0103,0.0114,0.0087,0.0098,0.0241,0.01,0.294,0.1042,N/A,0.0598,0.0538,0.1153,0.0269,0.0302,N/A,0.178,N/A,0.064
"Alexander County, Illinois",2014,17003,0.0099,0.0254,0.011,0.0121,0.0651,0.0232,0.0375,0.0099,0.0072,0.0143,0.0088,0.0519,0.0254,0.0044,0.0309,N/A,0.0033,0.0099,0.0066,0.0287,0.0077,0.0143,0.0519,0.0099,0.1192,0.0188,0.0353,N/A,N/A,N/A,0.0199,0.0143,N/A,N/A,N/A,0.0001,N/A,0.011,0.0132,0.0099,0.011,0.0276,N/A,0.1842,0.1175,N/A,0.0672,0.0618,0.1192,0.0188,0.0353,N/A,0.25052,N/A,N/A
"Bond County, Illinois",2014,17005,0.013,0.0241,0.0121,0.0121,0.084,0.0218,0.0348,0.0088,0.0072,0.013,0.0121,0.0557,0.0237,0.0042,0.0274,N/A,0.0032,0.0093,0.006,0.0274,0.0074,0.0135,0.0478,0.0093,0.1183,0.0292,0.0325,N/A,N/A,N/A,0.0186,0.0125,N/A,N/A,N/A,0,N/A,0.0107,0.0121,0.0093,0.0107,0.0255,N/A,0.2019,0.1205,N/A,0.0636,0.0571,0.1183,0.0292,0.0325,N/A,0.243155,N/A,N/A
"Boone County, Illinois",2014,17007,0.0258,0.0227,0.0191,0.0111,0.0883,0.0202,0.0323,0.0106,0.0084,0.0119,0.0147,0.0563,0.022,0.0038,0.0257,N/A,0.0029,0.0087,0.0058,0.0254,0.0067,0.0128,0.0444,0.0088,0.1232,0.0343,0.0299,N/A,N/A,N/A,0.0172,0.0117,N/A,N/A,N/A,0.0001,N/A,0.0102,0.0114,0.0085,0.0098,0.0239,N/A,0.2195,0.1239,N/A,0.0594,0.0532,0.1232,0.0343,0.0299,N/A,0.2316,N/A,N/A
